"Memories can't ignore","Slayer"
"A cannibal's desire feeds the fire","Slayer"
"A child's dream of death.","Slayer"
"A child's toy sudden death.","Slayer"
"A force that has lived all eternity.","Slayer"
"A simple quest for a visible savior, To lead us through our final prayer.","Slayer"
"A soul that will never rest.","Slayer"
"A vile smell, like tasting death.","Slayer"
"A war raging deep inside my head, A split decision that will end with me dead.","Slayer"
"All life I drain.","Slayer"
"Ambushed by the spray of lead","Slayer"
"An echo bouncing inside my brain.","Slayer"
"An unforseen future nestled somewhere in time.","Slayer"
"And life's blood.","Slayer"
"Anguish of before","Slayer"
"At one with evil that has ruled before.","Slayer"
"Bastard sons begat your cunting daughters, Promiscuous mothers with your incestuous fathers.","Slayer"
"Bearer of no name.","Slayer"
"Beaten and torn","Slayer"
"Before you see the light you must die.","Slayer"
"Begging, pleading, bullets drop like rain.","Slayer"
"Blind obedience carries me through it all, Do only what is expected of me.","Slayer"
"Blind obedience carries me through it all.","Slayer"
"Body that lay before me, In everlasting death.","Slayer"
"Body that rests before me, With every dying breath, Spellbound and gagged, I commence your flesh to dirt.","Slayer"
"Bury the unwanted child.","Slayer"
"Can you hear the serpents call, Look deep in those deceiving eyes.","Slayer"
"Candles burn the midnight oil, Incense fills the night.","Slayer"
"Cascaded darkness","Slayer"
"Chaos rampant, An age of distrust.","Slayer"
"Close your eyes and see what is me, Raise the chalice, embrace for evermore.","Slayer"
"Come walk with me through endless time.","Slayer"
"Confrontations.","Slayer"
"Conscience a word I learned to forget.","Slayer"
"Count the bullet holes in your head.","Slayer"
"Counting off death tolls.","Slayer"
"Crucify the bastard son.","Slayer"
"Dead","Slayer"
"Dead bodies, dying and wounded","Slayer"
"Dead soul, Stone cold, Out into the night.","Slayer"
"Death shines on the air of silence, A ritual of endless time.","Slayer"
"Death walks inside you, Smell death around you, Hell's evil spell takes a soul, Hear the sound of the bell","Slayer"
"Death's an art, flesh and earth never part, A power of the mind.","Slayer"
"Do only what is expected of me, With no emotions my feelings suppressed.","Slayer"
"Drive the salt in the wound, arouse the subconscious to lie.","Slayer"
"Dying +AFs-in+AF0- terror, Blood's cheap, it's everywhere.","Slayer"
"Electric, circus, wild, Deep in the infants mind.","Slayer"
"Embryonic death, Embedded in your brain.","Slayer"
"Emptiness in twilight's rebirth, The faint sounds of shoveled earth.","Slayer"
"Empty altar awaits its victim","Slayer"
"Engreat souls condemned for all eternity, Obtained by immoral observance a domineering deity.","Slayer"
"Enter the kingdom of desire.","Slayer"
"Entombed in abscess, To rot and lie stinking in the earth.","Slayer"
"Evangelist you claim God speaks through you, Your restless mouth full of lies gains popularity.","Slayer"
"Experience pleasures thought unobtained.","Slayer"
"Exploding, reloading, this quest never ending","Slayer"
"Extraction termination","Slayer"
"Fallen mercenary, dormancy is done, Not content with wars we never won.","Slayer"
"Falling down can you feel the heat, Burn","Slayer"
"Fate silent warriors sleeping souls will arise.","Slayer"
"Feeling a sickness building inside of me, Who will I really have to answer to.","Slayer"
"Fires burning can you hear","Slayer"
"Flesh burns, it fills the air. Souls drift, they fill...","Slayer"
"Fly swatter stakes drive through your chest.","Slayer"
"Forced to fight, behind, The crooked cross.","Slayer"
"Forgotten children, conform a new faith, Avidity and lust controlled by hate.","Slayer"
"Forms of hanging, flesh shredded carcass","Slayer"
"Grand canyons of space and time universal","Slayer"
"Guidance, it means nothing","Slayer"
"Hatred victimize, gaze in their eyes as they die.","Slayer"
"His spirit lives and breathes in me.","Slayer"
"Hold me under.","Slayer"
"Holes burn deep in your chest, Raked by machine gun fire.","Slayer"
"Hooks to my brain are well in","Slayer"
"How much can I take of the pain, The pain","Slayer"
"Humanity maintained.","Slayer"
"Hunting with bated breath.","Slayer"
"I deal in pain.","Slayer"
"I dominate.","Slayer"
"I face the impregnable wall","Slayer"
"I know what I am, I'm Berlin","Slayer"
"I seal your fate.","Slayer"
"I'll have your soul.","Slayer"
"I'll show you sights that you would not believe.","Slayer"
"I'm stabbing and bawling, I'm punching and crawling","Slayer"
"Ignore the writing on the wall, You should read between the lies.","Slayer"
"Imprisoned in a shell, ready to explode.","Slayer"
"Impulsive habitat.","Slayer"
"Impulsive sabbath.","Slayer"
"Impure the soul, that's made to suffer, No sermons left to hide or cover, An empty promise, lie unfulfilled, To steal a dream or get it killed.","Slayer"
"In a world of brutal time.","Slayer"
"In your mind's eye could you truly believe, That by giving you can save your soul, Could you be so naive","Slayer"
"Innocence withdrawn in fear.","Slayer"
"Intense pain eats away at your brain, Thorazine pumping through your veins.","Slayer"
"Judgment day the second coming arrives.","Slayer"
"Laughing as you eternally rot, Searching for human flesh","Slayer"
"Life preordained","Slayer"
"Like roaring thunder.","Slayer"
"Litter the city streets","Slayer"
"Live Undead.","Slayer"
"Luxuries, Your righteous reward?","Slayer"
"Lying still unknowing.","Slayer"
"Lying, dying, screaming in pain.","Slayer"
"Madness growing as your mind dissolves.","Slayer"
"Mandatory suicide, massacre on the front line.","Slayer"
"March on through the rivers of red.","Slayer"
"Memories can't ignore","Slayer"
"Memories can't ignore, Rise ghost of war.","Slayer"
"Merely secret in my dreams.","Slayer"
"Mines explode, pain sheers through your brain, Radical amputation, this is insane.","Slayer"
"Murder at your every foot step.","Slayer"
"My mind is subjected to all","Slayer"
"Nailed shut but my eyes still see.","Slayer"
"Night grows cold, twilight's near, On the edge of madness the wounds are sheared.","Slayer"
"Nightmare, the persecution","Slayer"
"No spared breath.","Slayer"
"Now smell the stench of immortality.","Slayer"
"Observing trance awaking state","Slayer"
"Offspring sent out to cry, Living mandatory suicide.","Slayer"
"On and on, south of heaven","Slayer"
"Once forgotten soldiers come to life.","Slayer"
"Pain's agonizing stain.","Slayer"
"Pain, sufferaged toyed, Life's little fragments destroyed.","Slayer"
"Penniless from their generosity, Sharing their money to quench your greed.","Slayer"
"Praise the lord, praise god, Is what you wish to sell.","Slayer"
"Prepare for the impaling.","Slayer"
"Purged of your dead body, Sacrificed of your life.","Slayer"
"Reciting the passages of time","Slayer"
"Religious blackmail a deceit of trust, That death will come and all will be lost.","Slayer"
"Restrained, insane games","Slayer"
"Rise ghosts of war.","Slayer"
"Sacrifice the unborn.","Slayer"
"Sanctify lives of scorn.","Slayer"
"Satisfy the scorn.","Slayer"
"Save me.","Slayer"
"Scattered, remnants of life, Murder a time to die.","Slayer"
"Screaming soul sent out to die, Living mandatory suicide.","Slayer"
"Searching for the answer to their prayers","Slayer"
"See what has been and what the future sees.","Slayer"
"Send your donations, Contribute to the cause.","Slayer"
"Severe anguish as my body evolves.","Slayer"
"Share the wisdom of the old world that has passed, Step in a life that's yet to be born.","Slayer"
"Shattered glass, bits of clothing and human deceit.","Slayer"
"Shattered, adolescent +AFs-sings: another child+AF0-","Slayer"
"Silent Scream","Slayer"
"Sniper blazes you thru your knees","Slayer"
"Soldier of misfortune","Slayer"
"Souls drift, they fill the air.","Slayer"
"Spikes impale you as you're forced off the crest.","Slayer"
"Spill your blood, let it run on to me, Take my hand and let go of your life.","Slayer"
"Stab Bawl Punch Crawl","Slayer"
"Stained glass windows black.","Slayer"
"Suffer the children condemned.","Slayer"
"Suffocation, strangulation, Death is fucking you insane.","Slayer"
"Suicide.","Slayer"
"Target assassinate, time of your life has expired.","Slayer"
"that burns in your head.","Slayer"
"The almighty transformed to your screen.","Slayer"
"The loss of all hope and your dignity.","Slayer"
"The meanings lost in its translation, No holy words, describe his deception.","Slayer"
"The never ending search for a truth never told.","Slayer"
"The Never ending search for your shattered sanity, Souls of Damnation in their own reality.","Slayer"
"The pain of life after death it resolves.","Slayer"
"The root of all evil is the heart of a black soul.","Slayer"
"There is no heaven without a hell.","Slayer"
"They claim your trip to heavens nearby, You may believe it but satan wouldn't lie.","Slayer"
"They cry their last wish of need.","Slayer"
"Through cracked, blackened memories of unit dispersal","Slayer"
"Time melts away in this living inferno, Trapped by a cause that I once understood.","Slayer"
"Torment, ill forgotten","Slayer"
"Unearthly ritual sealed in fire","Slayer"
"Unsuspecting victims no warnings, no signs.","Slayer"
"Until I give out my last breath","Slayer"
"Violence inflicting of pain, savage morticians deny","Slayer"
"Voices inside my head","Slayer"
"Voices oppress.","Slayer"
"Walls close in on me.","Slayer"
"When doubt subsides his honesty, An inquiry, is it blasphemy?","Slayer"
"With the things you say.","Slayer"
"You care not for the old that suffer, When empty pockets cry from hunger.","Slayer"
"You heal the sick,+AFs-you+AF0- raise the dead, You blind the congregation","Slayer"
"You say you'll help us find the lord, Tell me preacher how do you know","Slayer"
"You see the agony in my eyes, Protruding aimless, I think it's time to die.","Slayer"
"You spill the blood, Eternal soul.","Slayer"
"You've spilt the blood.","Slayer"
"'Cause today, that was yesterday, yesterday is over","Rihanna"
"Ella ella, eh eh eh eh, eh eh","Rihanna"
"Ella ella, eh eh eh","Rihanna"
"A cold sweat hot headed believer","Rihanna"
"A vision of ecstasy","Rihanna"
"All along it was a fever","Rihanna"
"All I know is I love you too much to walk away though","Rihanna"
"And everybody's watching her","Rihanna"
"And I love her the more I suffer, I suffocate","Rihanna"
"And right before I'm about to drown, she resuscitates","Rihanna"
"And right now there's a steel knife in my windpipe","Rihanna"
"And she flies it better","Rihanna"
"And that's when you need me there","Rihanna"
"As long as the wrong feels right it's like I'm in flight","Rihanna"
"As we, moonshine and molly","Rihanna"
"At first sight I felt the energy of sun rays","Rihanna"
"Baby 'cause in the dark, you can't see shiny cars","Rihanna"
"Baby, come in to me","Rihanna"
"Baby, this is what you came for","Rihanna"
"Because when the sun shines, we'll shine together","Rihanna"
"But she's looking at you, ooh, ooh","Rihanna"
"But that's alright because I like the way it hurts","Rihanna"
"But that's alright because I love the way you lie","Rihanna"
"But when it comes to love, you're just as blinded, baby please","Rihanna"
"But when it's bad it's awful, I feel so ashamed","Rihanna"
"But you lied again, now you get to watch her leave out the window","Rihanna"
"But you promised her, next time you'll show restraint","Rihanna"
"But your temper's just as bad as mine is, you're the same as me","Rihanna"
"Cause when you never see the lights it's hard to know which one of us is caving","Rihanna"
"Come back, it wasn't you, baby it was me","Rihanna"
"Come back, we're running right back here we go again","Rihanna"
"Come in to me","Rihanna"
"Come in to me, come in to me","Rihanna"
"Come inside, pick up your bags off the sidewalk","Rihanna"
"Comin' down like the Dow Jones","Rihanna"
"Don't you hear sincerity in my voice when I talk","Rihanna"
"Even though I know it's lies, I'm tired of the games","Rihanna"
"Eye to eye, so alive","Rihanna"
"Feel the warmth we'll never die","Rihanna"
"Find light in the beautiful sea","Rihanna"
"Funny you're the broken one but i'm the only one who needed saving","Rihanna"
"Good Girl Gone Bad","Rihanna"
"Got that warm fuzzy feelin', yeah them chills used to get 'em","Rihanna"
"Guess that's why they call it window pane","Rihanna"
"He said, if you're there come a little closer","Rihanna"
"High off her love, drunk from her hate, it's like I'm huffin' paint","Rihanna"
"I can't breathe but I still fight, while I can fight","Rihanna"
"I can't tell you what it really is, I can only tell you what it feels like","Rihanna"
"I choose to be happy","Rihanna"
"I guess I don't know my own strength","Rihanna"
"I just want her back, I know I'm a liar","Rihanna"
"I knew that we'd become one right away","Rihanna"
"I laid hands on her, I'll never stoop so low again","Rihanna"
"I love the way you lie","Rihanna"
"I saw the life inside your eyes","Rihanna"
"I say your place when we leave","Rihanna"
"I snapped who's that dude?  I don't even know his name","Rihanna"
"I threw my hands in the air I said show me something","Rihanna"
"I want you to stay","Rihanna"
"I want you to stay, ohhh","Rihanna"
"I want you to stay, stay","Rihanna"
"I'll be all you need and more","Rihanna"
"I'm Superman with the wind at his back, she's Lois Lane","Rihanna"
"If she ever tries to fuckin' leave again, I'ma tie her to the bed and set this house on fire","Rihanna"
"If the hand is hard, together we'll mend your heart","Rihanna"
"It takes me all the way","Rihanna"
"It's a different day, sound like broken records playin' over","Rihanna"
"It's not just something you take, it's given","Rihanna"
"It's not much of a life you're living","Rihanna"
"It's okay, don't be alarmed, come in to me","Rihanna"
"It's pouring rain, it's pouring rain","Rihanna"
"It's raining, raining","Rihanna"
"It's so insane, 'cause when it's going good it's going great","Rihanna"
"It's the rage that took over, it controls ya both","Rihanna"
"Jay, Rain Man is back with Little Miss Sunshine","Rihanna"
"Just gonna stand there and hear me cry","Rihanna"
"Just gonna stand there and watch me burn","Rihanna"
"Know that we'll still have each other","Rihanna"
"Let it rain, I hydroplane into fame","Rihanna"
"Lightning strikes every time she moves","Rihanna"
"Makes me feel like I can't live without you","Rihanna"
"Maybe in magazines, but you'll still be my star","Rihanna"
"Maybe our relationship isn't as crazy as it seems","Rihanna"
"Maybe that's what happens when a tornado meets a volcano","Rihanna"
"Me, she fucking hates me and I love it, wait","Rihanna"
"Next time I'm pissed, I'll aim my fist at the dry wall","Rihanna"
"Next time, there will be no next time, I apologize","Rihanna"
"No clouds in my storms","Rihanna"
"Not really sure how to feel about it","Rihanna"
"Now I know we said things, did things, that we didn't mean","Rihanna"
"Now that it's raining more than ever","Rihanna"
"Now you're gettin' fuckin' sick of lookin' at 'em","Rihanna"
"Now you're in each others' face, spewing venom in your words when you spit 'em","Rihanna"
"Oh, right away","Rihanna"
"Ohhh cause I need this hole gone","Rihanna"
"Ohhh now tell me now tell me now tell me now you know","Rihanna"
"Ohhh the reason I hold on","Rihanna"
"Ooh baby, it's raining, raining","Rihanna"
"Palms rise to the universe","Rihanna"
"Rihanna, where you at?","Rihanna"
"Round and around and around and around we go","Rihanna"
"Said I'll always be your friend","Rihanna"
"Shine bright like a diamond","Rihanna"
"So go on and let the rain pour","Rihanna"
"So shine bright, tonight, you and I","Rihanna"
"So they say you're best to go your separate ways, guess that they don't know ya","Rihanna"
"Something in the way you move","Rihanna"
"Stack chips for the rainy day","Rihanna"
"Take three, action","Rihanna"
"Then we fall back into the same patterns, same routine","Rihanna"
"There's no distance in between our love","Rihanna"
"These fancy things will never come in between","Rihanna"
"Throw 'em down pin 'em, so lost in them moments when you're in 'em","Rihanna"
"Told you I'll be here forever","Rihanna"
"Told you this is my fault, look me in the eyeball","Rihanna"
"Took an oath, I'ma stick it out to the end","Rihanna"
"Under my umbrella","Rihanna"
"We fly higher than weather","Rihanna"
"We go fast with the game we play","Rihanna"
"We RocAFellas","Rihanna"
"We say nothing more than we need","Rihanna"
"We're beautiful like diamonds in the sky","Rihanna"
"We're like diamonds in the sky","Rihanna"
"When the clouds come, we gone","Rihanna"
"When the war has took its part","Rihanna"
"When the world has dealt its cards","Rihanna"
"When you hold me, I'm alive","Rihanna"
"Where you going, I'm leaving you, no you ain't","Rihanna"
"Who knows why it's gotta be this way?","Rihanna"
"With you, I'll always share","Rihanna"
"You and I, you and I","Rihanna"
"You can always come here to me","Rihanna"
"You can run into my arms","Rihanna"
"You can stand under my umbrella","Rihanna"
"You don't get another chance, life is no Nintendo game","Rihanna"
"You ever love somebody so much, you can barely breathe when you're with 'em","Rihanna"
"You had my heart, and we'll never be worlds apart","Rihanna"
"You know me, in anticipation for precipitation","Rihanna"
"You meet and neither one of you even know what hit 'em","Rihanna"
"You push pull each others' hair, scratch claw bit 'em","Rihanna"
"You'd swore you'd never hit 'em, never do nothing to hurt 'em","Rihanna"
"You're a shooting star I see","Rihanna"
"You're part of my entity, here for infinity","Rihanna"
"You, ooh, ooh","Rihanna"
"You, ooh, ooh, ooh","Rihanna"
"'Cause I never loved someone like you before","Scooter"
"'Cause I've never loved someone like you before","Scooter"
"'Pon the mic I'm the teacher","Scooter"
"'Pon the mic I'm the Voodoo","Scooter"
"'Pon the mic you can't stop me","Scooter"
"next bit is just a guess","Scooter"
"1 2 3 fire","Scooter"
"Aaaggrhh","Scooter"
"Ahh","Scooter"
"Ahhhhhhhhhh...","Scooter"
"All right posse, keep it up","Scooter"
"Allright, crew It's weeeeeeeekeeeeeeeeeend","Scooter"
"Alright now, I'm your pusher","Scooter"
"Alright","Scooter"
"Alright, come on posse, you've gotta keep it up","Scooter"
"And to Westbam, Marusha, Steve Mason, The Mystic Man, DJ Dick, Carl Cox, The Hooligan, Cosmic...","Scooter"
"and we start again","Scooter"
"Are you ready for the sound of Scooter?","Scooter"
"Attack, ah","Scooter"
"back","Scooter"
"Back on the case, no disgrace","Scooter"
"back to the","Scooter"
"Back to the family","Scooter"
"back to the family","Scooter"
"Bass drum","Scooter"
"Bass You know what I mean","Scooter"
"Bass, you know what I mean","Scooter"
"Be good.","Scooter"
"Bringing it on down to the party place","Scooter"
"but do I really feel the way I feel","Scooter"
"But it's more important to be nice","Scooter"
"Bye, Bye","Scooter"
"chili bo","Scooter"
"Chillybow","Scooter"
"Come on","Scooter"
"Come on","Scooter"
"come on","Scooter"
"Come on Come on Come on","Scooter"
"Come on, come on, hardcore","Scooter"
"Come on, keep it up","Scooter"
"Come on, party, move your ass","Scooter"
"Come on, party, you've gotta move","Scooter"
"Coming up with the motherfucking bassdrum","Scooter"
"Cut the crap Get the slap","Scooter"
"Dave","Scooter"
"Destination of Zulu","Scooter"
"do all kinds of tricks","Scooter"
"Do you like it hardcore?","Scooter"
"Drum'n'Bass's still on the map","Scooter"
"eh eh eh","Scooter"
"eh eh eh","Scooter"
"energy shining down on me","Scooter"
"everybody was happy","Scooter"
"Excuse me Where is the bass drum?","Scooter"
"feel as good as a boy can be","Scooter"
"feeling the kicks","Scooter"
"Fire","Scooter"
"Flat on your back like one, two, three","Scooter"
"Freak is freak and scene is scene","Scooter"
"Get off your shirts and wait for further instructions","Scooter"
"get the pressure","Scooter"
"Gimme your hands, singing","Scooter"
"Go ahead","Scooter"
"Hardcore","Scooter"
"Hell, Paul Elstac, Mate Galic, Roland Casper, Sylvie, Miss Djax, Jens Mahlstedt, Tanith, Laurent Garnier...","Scooter"
"Here comes the chicks Terminator","Scooter"
"Here we come","Scooter"
"Here we come Here we go","Scooter"
"Here we go now","Scooter"
"Hiyeah, yeah, yeah","Scooter"
"Hiyoh yoh yoh","Scooter"
"Hyper Hyper","Scooter"
"Hyper, hyper","Scooter"
"i guarantee emergency","Scooter"
"I said... I want to see you sweat","Scooter"
"I wanna have the whole and not a part","Scooter"
"I want it as a whole and not a part.","Scooter"
"I want to ask you something...","Scooter"
"I want to see you sweat","Scooter"
"I'll have to ask you again...","Scooter"
"I'm raving till the sweat has fallen down off me","Scooter"
"I'm raving, I'm raving","Scooter"
"I'm the fast chatter  no one's better than me","Scooter"
"I'm your pusher","Scooter"
"I've got one message for the next decade","Scooter"
"In Control","Scooter"
"in the middle of the the pouring rain","Scooter"
"Is everybody on the floor?","Scooter"
"It's nice to be important","Scooter"
"It's so beautiful to see your hands in the air","Scooter"
"Jetzt kommt die feuerwehr","Scooter"
"Keep the Vibes... Hyper, hyper","Scooter"
"Kickin' it, kickin' it, kickin' it yeah","Scooter"
"Kid Paul, Dag, Mike VanDike, Jens Lissat, Lenny D., Sven Vath, Mark Spoon, Marco Zaffarano...","Scooter"
"La la a","Scooter"
"La la la","Scooter"
"Let me hear ya","Scooter"
"Lost and found, back on the case","Scooter"
"Love in a woman's heart","Scooter"
"Love in the women's heart ","Scooter"
"Make some noise","Scooter"
"Maximum respect","Scooter"
"Miscellaneous","Scooter"
"Move your ass","Scooter"
"Move your ass, yeah","Scooter"
"Over and out","Scooter"
"Posse, you keep the spirit alive","Scooter"
"Put on my raving shoes and I boarded a plane","Scooter"
"Put your hands in the air","Scooter"
"Rave nation, stay tuned","Scooter"
"Ravers of the Universe","Scooter"
"Ravers unite","Scooter"
"Respect to the man in the icecream van","Scooter"
"Say, +//0A4v/9AID//QCc-Sheffield+//0A4v/9AID//QCd-","Scooter"
"Scooter","Scooter"
"Scooter, back in the house, yeah","Scooter"
"Scotland","Scooter"
"Scotland posse","Scooter"
"sentimentally","Scooter"
"Sharpen the mix","Scooter"
"sharpen the mix","Scooter"
"Sheffield","Scooter"
"Sheffield's gonna rock you once again","Scooter"
"Sing it, yeahay, yeahay","Scooter"
"Sit there.","Scooter"
"Sounds of the track attacker","Scooter"
"Special, Pascal F.E.O.S., Gary D., Scotty, Gizmo... and to all DJs all over the World","Scooter"
"Spread my words like a preacher","Scooter"
"Starting the, Microphone business","Scooter"
"Strange kind of feeling comes more and more","Scooter"
"Strange that this feeling grows more and more","Scooter"
"Thank you","Scooter"
"Thank you","Scooter"
"the radical xe xp","Scooter"
"This is a real monster tune","Scooter"
"This is Scooter","Scooter"
"This one is going out to everybody in the place","Scooter"
"To the whole European posse","Scooter"
"touched down in a land where the skies were blue","Scooter"
"Uahahaha","Scooter"
"up and down","Scooter"
"Up on the catwalk, down on the floor","Scooter"
"up to the pressure","Scooter"
"Vamos, yeah","Scooter"
"We know you're addicted to the real hardcore","Scooter"
"We need the bass drum","Scooter"
"We need the hardcore","Scooter"
"we need you to go","Scooter"
"We put some energy into this place","Scooter"
"We want to sing a big shout to US, and to all ravers in the world","Scooter"
"We'll bring it on down to the party place","Scooter"
"we're just coming to an end","Scooter"
"We're not the monkeys, but we've got the key","Scooter"
"What is essential? Is invisible to the eye It's only with the heart, that you can see rightly...","Scooter"
"Wicked","Scooter"
"Yeye, yeah","Scooter"
"Yeaah.","Scooter"
"yeah","Scooter"
"Yeah","Scooter"
"yeah","Scooter"
"Yeah, aah","Scooter"
"yeah, I've got a first class ticket","Scooter"
"Yeahay, yeahay","Scooter"
"Yeeeah","Scooter"
"Yes","Scooter"
"yes","Scooter"
"Yes","Scooter"
"Yiiihhaaaa","Scooter"
"you have no time to rest","Scooter"
"you love the sound","Scooter"
"You still feel alright?","Scooter"
"You want some more?","Scooter"
"You, keep the spirit alive	","Scooter"
"And don't go around breaking young girls' hearts","Michael Jackson"
"Cause they got no place to be that's why I'm starting with me","Michael Jackson"
"'Cause they got nowhere to go, that's why I want you to know","Michael Jackson"
"'Cause we danced on the floor in the round","Michael Jackson"
"'Cause when you close your heart","Michael Jackson"
"Breaking my heart, babe","Michael Jackson"
"Call me, Billie Jean","Michael Jackson"
"Change","Michael Jackson"
"Come on, change","Michael Jackson"
"Do think twice","Michael Jackson"
"Gonna make that change, come on","Michael Jackson"
"I gotta make that change today, oh","Michael Jackson"
"I gotta make that make me then make","Michael Jackson"
"Make that change","Michael Jackson"
"Man in the mirror","Michael Jackson"
"No, she is not just my baby","Michael Jackson"
"Oooh, oooh","Michael Jackson"
"She is not at the scene","Michael Jackson"
"That man, that man, that man","Michael Jackson"
"Washed out dream","Michael Jackson"
"What about it","Michael Jackson"
"What about us","Michael Jackson"
"Yeah","Michael Jackson"
"You can't close your, your mind","Michael Jackson"
"You know what you did","Michael Jackson"
"A summer's disregard, a broken bottle top","Michael Jackson"
"A willow deeply scarred, somebody's broken heart","Michael Jackson"
"Aaaaaaaaah, Oooooo","Michael Jackson"
"All the blood we've shed before","Michael Jackson"
"All the children dead from war","Michael Jackson"
"Although I know we've drifted far","Michael Jackson"
"And a washed out dream","Michael Jackson"
"And be careful of what you do, 'cause the lie becomes the truth,Michael Jackson
And don't go around breaking young girls' hearts","Michael Jackson"
"And I doubt if it ever could","Michael Jackson"
"And I doubt if it was ever mine","Michael Jackson"
"And I doubt if it's never mine","Michael Jackson"
"And I know that it is love","Michael Jackson"
"And if you really try","Michael Jackson"
"And mother always told me be careful of who you love","Michael Jackson"
"And no message could have been any clearer","Michael Jackson"
"And one man's soul","Michael Jackson"
"And the dream we were conceived in","Michael Jackson"
"And the entire human race","Michael Jackson"
"And the night is gonna be just fine","Michael Jackson"
"And the night through the thick and thin","Michael Jackson"
"And the night, that is good","Michael Jackson"
"And the world we once believed in","Michael Jackson"
"And this place could be much","Michael Jackson"
"As I turned up the collar on my favorite winter coat","Michael Jackson"
"As she caused a scene","Michael Jackson"
"As she looked at me","Michael Jackson"
"Baby, every time I love you","Michael Jackson"
"Baby, love never felt so fine","Michael Jackson"
"Baby, love never felt so good","Michael Jackson"
"Be God's glow","Michael Jackson"
"Billie Jean is not my lover","Michael Jackson"
"Brighter than tomorrow","Michael Jackson"
"Burnt despite our pleas","Michael Jackson"
"But the kid is not my son","Michael Jackson"
"But who can stand when she's in demand","Michael Jackson"
"Can't we feel it's wounds","Michael Jackson"
"Can't we set him free","Michael Jackson"
"Can't you hear them cry","Michael Jackson"
"Change, make that change","Michael Jackson"
"Come on","Michael Jackson"
"Come on, come on","Michael Jackson"
"Could it be, really mean, pretending that they're not alone?","Michael Jackson"
"Create a world with no fear","Michael Jackson"
"Dancing","Michael Jackson"
"Did you ever stop this notice","Michael Jackson"
"Did you ever stop to notice","Michael Jackson"
"Do we give a damn","Michael Jackson"
"Eyes were like mine","Michael Jackson"
"Fear or dread","Michael Jackson"
"For forty days and forty nights","Michael Jackson"
"For once in my life","Michael Jackson"
"For you and for me","Michael Jackson"
"Go on dance on the floor in the round, baby","Michael Jackson"
"Gonna make a difference, gonna make it right","Michael Jackson"
"Gotta fly, gotta see, can't believe","Michael Jackson"
"Have we lost thier trust","Michael Jackson"
"Heal the world","Michael Jackson"
"Her schemes and plans","Michael Jackson"
"Hey, what about yesterday","Michael Jackson"
"I can't even breathe","Michael Jackson"
"I can't take it cause","Michael Jackson"
"I can't take it, cause","Michael Jackson"
"I said don't mind, but what do you mean I am the one","Michael Jackson"
"I said let me see you move","Michael Jackson"
"I see the kids in the street with not enough to eat","Michael Jackson"
"I used to dream","Michael Jackson"
"I used to glance beyond the stars","Michael Jackson"
"I'm asking him to change his ways","Michael Jackson"
"I'm asking him to change his ways, yeah","Michael Jackson"
"I'm going to make a change","Michael Jackson"
"I'm gonna make a change","Michael Jackson"
"I'm starting with the man in the mirror","Michael Jackson"
"I'm starting with the man in the mirror, oh yeah","Michael Jackson"
"I've been a victim of a selfish kinda love","Michael Jackson"
"If we try, we shall see","Michael Jackson"
"If you care enough for the living","Michael Jackson"
"If you cared enough for the living","Michael Jackson"
"If you wanna make the world a better place","Michael Jackson"
"If you want to know why","Michael Jackson"
"In and out of my life, in out baby","Michael Jackson"
"In my heart I feel you are all my brothers","Michael Jackson"
"In this bliss we cannot feel","Michael Jackson"
"In this place you'll feel","Michael Jackson"
"Into plowshares","Michael Jackson"
"Is there a time","Michael Jackson"
"It only cares for joyful giving","Michael Jackson"
"It's gonna feel real good","Michael Jackson"
"It's in and out of my life, in out baby","Michael Jackson"
"It's our planet's womb","Michael Jackson"
"It's time that I realize","Michael Jackson"
"Just lift yourself","Michael Jackson"
"Just remember to always think twice","Michael Jackson"
"Let me see you move","Michael Jackson"
"Let me see you move, come on","Michael Jackson"
"Let our spirits never die","Michael Jackson"
"Look what we've done","Michael Jackson"
"Love is strong","Michael Jackson"
"Love's enough for us growing","Michael Jackson"
"Make a better place","Michael Jackson"
"Make a better place for you and for me","Michael Jackson"
"Make a better world","Michael Jackson"
"Make a little space","Michael Jackson"
"Make it a better place","Michael Jackson"
"Make that change","Michael Jackson"
"Michael","Michael Jackson"
"No message could have been any clearer","Michael Jackson"
"Not like you hold me, hold me","Michael Jackson"
"Now I don't know where we are","Michael Jackson"
"Of being the one","Michael Jackson"
"Oh baby, love never felt so fine","Michael Jackson"
"Oh baby, love never felt so good","Michael Jackson"
"People always told me be careful of what you do,Michael Jackson
People always told me be careful of what you do","Michael Jackson"
"See the nations turn their swords","Michael Jackson"
"She called me to her room","Michael Jackson"
"She came and stood right by me","Michael Jackson"
"She said I am the one who will dance on the floor in the round","Michael Jackson"
"She says he is my son","Michael Jackson"
"She says I am the one","Michael Jackson"
"She says I am the one, but the kid is not my son","Michael Jackson"
"She told my baby, that's a threat,Michael Jackson
She told me her name was Billie Jean","Michael Jackson"
"She was more like a beauty queen from a movie scene","Michael Jackson"
"She's just a girl who claims that I am the one","Michael Jackson"
"So baby, love never felt so good","Michael Jackson"
"So make a better world","Michael Jackson"
"So take my strong advice","Michael Jackson"
"Someone tell me why","Michael Jackson"
"Stand up and lift yourself, now","Michael Jackson"
"Take a look at yourself and then make a change","Michael Jackson"
"Take a look at yourself and then make that change","Michael Jackson"
"Take a look at yourself and then make the change","Michael Jackson"
"Take a look at yourself then make that change","Michael Jackson"
"Tell me, if you really love me","Michael Jackson"
"That you pledge your only son...","Michael Jackson"
"That you said was yours and mine...","Michael Jackson"
"That you said we were to gain...","Michael Jackson"
"The heavens are falling down","Michael Jackson"
"The law was on her side","Michael Jackson"
"Then every head turned with eyes that dreamed","Michael Jackson"
"Then it feels that always","Michael Jackson"
"Then showed a photo of a baby crying","Michael Jackson"
"Then the smell of sweet perfume","Michael Jackson"
"Then why do we keep strangling life","Michael Jackson"
"Then you close your mind","Michael Jackson"
"There are people dying","Michael Jackson"
"There are some with no home, not a nickel to loan","Michael Jackson"
"There are ways to get there","Michael Jackson"
"There's a love that cannot lie","Michael Jackson"
"There's a place in your heart","Michael Jackson"
"There's no hurt or sorrow","Michael Jackson"
"They follow each other on the wind ya know?","Michael Jackson"
"They follow the pattern of the wind ya see","Michael Jackson"
"This crying Earth this weeping shore","Michael Jackson"
"This happened much too soon","Michael Jackson"
"This wind is blowin' my mind","Michael Jackson"
"This world is heavenly","Michael Jackson"
"Though it's plain to see","Michael Jackson"
"To make a better place","Michael Jackson"
"Together we'll cry happy tears","Michael Jackson"
"Torn apart by creed","Michael Jackson"
"We could fly so high","Michael Jackson"
"We could really get there","Michael Jackson"
"We stop existing and start living","Michael Jackson"
"We're ravaging the seas","Michael Jackson"
"We've turned kingdoms to dust","Michael Jackson"
"What about Abraham","Michael Jackson"
"What about all the dreams","Michael Jackson"
"What about all the peace","Michael Jackson"
"What about all the things","Michael Jackson"
"What about all their joy","Michael Jackson"
"What about animals","Michael Jackson"
"What about babies","Michael Jackson"
"What about children dying","Michael Jackson"
"What about crying whales","Michael Jackson"
"What about death again","Michael Jackson"
"What about elephants","Michael Jackson"
"What about flowering fields","Michael Jackson"
"What about forest trails","Michael Jackson"
"What about killing fields","Michael Jackson"
"What about nature's worth","Michael Jackson"
"What about rainWhat about all the things","Michael Jackson"
"What about sunrise","Michael Jackson"
"What about the bleeding Earth","Michael Jackson"
"What about the common man","Michael Jackson"
"What about the crying man","Michael Jackson"
"What about the days","Michael Jackson"
"What about the holy land","Michael Jackson"
"What about the man","Michael Jackson"
"What about the seas","Michael Jackson"
"What have we done to the world","Michael Jackson"
"Where did we go wrong","Michael Jackson"
"Who am I to be blind, pretending not to see their need?","Michael Jackson"
"Who will dance on the floor in the round","Michael Jackson"
"Will reveal a joyful face","Michael Jackson"
"Will shine again in grace","Michael Jackson"
"With the man in the mirror, oh yeah","Michael Jackson"
"Wound this earth crucify its soul","Michael Jackson"
"Yeah, that man","Michael Jackson"
"You got to stand up, stand up, stand up","Michael Jackson"
"You got to, you got to not let yourself, brother oh","Michael Jackson"
"You got, you got to move","Michael Jackson"
"You gotta get it right, while you got the time","Michael Jackson"
"You know it, you know it, you know it, you know","Michael Jackson"
"You know, you got to stop it yourself","Michael Jackson"
"You'll find there's no need to cry","Michael Jackson"
"'Cause I gotta feeling Ooohoo","Black Eyed Peas"
"'Cause of my hump","Black Eyed Peas"
"'Cause people got me, got me questionin'","Black Eyed Peas"
"One world, one world","Black Eyed Peas"
"A feel...","Black Eyed Peas"
"A feeling","Black Eyed Peas"
"A feeling Ooohoo","Black Eyed Peas"
"A war is goin' on but the reason's undercover","Black Eyed Peas"
"All that ass inside 'em jeans?","Black Eyed Peas"
"All that breast inside that shirt?","Black Eyed Peas"
"All that junk inside that trunk?","Black Eyed Peas"
"All that junk inside your trunk?","Black Eyed Peas"
"All their money got me wearing fly gear","Black Eyed Peas"
"Always dancing next to me","Black Eyed Peas"
"And do it Do it, and do it And do it,","Black Eyed Peas"
"and do it Hey, do it Hey, do it And do it","Black Eyed Peas"
"And do it, and do it, and do it, do it, do it","Black Eyed Peas"
"And I'm feeling Ooohoo","Black Eyed Peas"
"And I've been there before but that life's a bore","Black Eyed Peas"
"And just lose it all","Black Eyed Peas"
"And losing all control","Black Eyed Peas"
"And mix your milk with my cocoa puff","Black Eyed Peas"
"And move my hump","Black Eyed Peas"
"And no, I ain't taken","Black Eyed Peas"
"And something's wrong with it Yeah","Black Eyed Peas"
"And spending time on me","Black Eyed Peas"
"And that's exactly how anger works and operates","Black Eyed Peas"
"And that's the only way to prove you love him","Black Eyed Peas"
"And then we'll do it again","Black Eyed Peas"
"And to discriminate only generates hate","Black Eyed Peas"
"And what good would it be?","Black Eyed Peas"
"And when you hate then you're bound to get irate, yeah","Black Eyed Peas"
"Around the clock Clock, clock, clock, clock","Black Eyed Peas"
"As I'm gettin' older, y'all, people gets colder","Black Eyed Peas"
"But everything means nothing","Black Eyed Peas"
"But I ain't asking","Black Eyed Peas"
"But I don't want nothing at all","Black Eyed Peas"
"But if you only have love for your own race","Black Eyed Peas"
"But we still got terrorists here livin'","Black Eyed Peas"
"Can you practice what you preach?","Black Eyed Peas"
"Chemical gasses fillin' lungs of little ones","Black Eyed Peas"
"Children hurt and you hear them cryin'","Black Eyed Peas"
"Define what's within","Black Eyed Peas"
"Dolce +ACY- Gabbana","Black Eyed Peas"
"Easy come, easy go","Black Eyed Peas"
"Father, Father, Father help us","Black Eyed Peas"
"Father, Father, Father, help us","Black Eyed Peas"
"Feel the shot, body rock","Black Eyed Peas"
"Fendi and NaDonna","Black Eyed Peas"
"Fill up my cup","Black Eyed Peas"
"Fill up my cup Draaank","Black Eyed Peas"
"Friday, Saturday, Saturday to Sunday Do it","Black Eyed Peas"
"Get you love drunk off my hump","Black Eyed Peas"
"Get you love drunk off this hump","Black Eyed Peas"
"Getgetgetgetget with us","Black Eyed Peas"
"Go out and smash it","Black Eyed Peas"
"Go out and smash it Smash it","Black Eyed Peas"
"Gotta keep my faith alive 'til love is found","Black Eyed Peas"
"Hand me the world on a silver platter","Black Eyed Peas"
"Here we come, here we go","Black Eyed Peas"
"I could be your baby, you could be my honey","Black Eyed Peas"
"I do it on the daily","Black Eyed Peas"
"I drive these brothers crazy","Black Eyed Peas"
"I feel stressed and","Black Eyed Peas"
"I feel the weight of the world on my shoulder","Black Eyed Peas"
"I got my money","Black Eyed Peas"
"I got my money I'm paid","Black Eyed Peas"
"I gotta feeling","Black Eyed Peas"
"I keep on demonstrating","Black Eyed Peas"
"I know that we'll have a ball","Black Eyed Peas"
"I met a girl down at the disco","Black Eyed Peas"
"I say no, but they keep giving","Black Eyed Peas"
"I think the whole world addicted to the drama","Black Eyed Peas"
"I wanna let it go","Black Eyed Peas"
"I'm just trying to dance, boy","Black Eyed Peas"
"I'mma get, get, get, get you drunk","Black Eyed Peas"
"I'mma make, make, make, make you scream","Black Eyed Peas"
"I'mma make, make, make, make you work","Black Eyed Peas"
"If I ain't got you with me, baby","Black Eyed Peas"
"If I ain't got you, baby","Black Eyed Peas"
"If I ain't got you, yeah","Black Eyed Peas"
"If I ain't got you, you, you","Black Eyed Peas"
"If it ain't you, baby","Black Eyed Peas"
"If love and peace are so strong","Black Eyed Peas"
"If we get down and go out","Black Eyed Peas"
"If you never know truth then you never know love","Black Eyed Peas"
"If you touch it, I'mma","Black Eyed Peas"
"In the back and in the front","Black Eyed Peas"
"In the USA, the big CIA","Black Eyed Peas"
"In this world that we livin' in people keep on givin' in","Black Eyed Peas"
"Infecting the young minds faster than bacteria","Black Eyed Peas"
"Instead of spreading love we're spreading animosity","Black Eyed Peas"
"It just ain't the same, old ways have changed","Black Eyed Peas"
"Jump off that sofa","Black Eyed Peas"
"Jump off that sofa Come on","Black Eyed Peas"
"Just take it... off","Black Eyed Peas"
"Karan, they be sharing","Black Eyed Peas"
"Kids wanna act like what they see in the cinema","Black Eyed Peas"
"Lack of understanding, leading us away from unity","Black Eyed Peas"
"Let your soul gravitate to the love, y'all, y'all","Black Eyed Peas"
"Let's burn the roof","Black Eyed Peas"
"Let's do it And do it, let's do it And do it,","Black Eyed Peas"
"let's do it Hey, do it Hey, do it Hey, do it","Black Eyed Peas"
"Let's do it, and do it Do it, and do it","Black Eyed Peas"
"Let's do it, and do it, and do it","Black Eyed Peas"
"Let's do it, let's do it, let's do it","Black Eyed Peas"
"Let's do it, let's do it, let's do it Let's do it","Black Eyed Peas"
"Let's get  get off","Black Eyed Peas"
"Let's go way out spaced out","Black Eyed Peas"
"Let's live it up","Black Eyed Peas"
"Let's live it up Let's live it up","Black Eyed Peas"
"Let's paint the town","Black Eyed Peas"
"Let's paint the town Paint the town","Black Eyed Peas"
"Let's spend it up","Black Eyed Peas"
"Let's spend it up Let's spend it up","Black Eyed Peas"
"Let's spend time not money","Black Eyed Peas"
"Like, oh my God","Black Eyed Peas"
"Like, oh my God Like, oh my God","Black Eyed Peas"
"Look at her dancin'","Black Eyed Peas"
"Look at her dancing Move it Move it","Black Eyed Peas"
"Looking at my lump, lump","Black Eyed Peas"
"Madness is what you demonstrate","Black Eyed Peas"
"Make you scream, make you scream","Black Eyed Peas"
"Make you work, work, make you work","Black Eyed Peas"
"Makin' wrong decisions, only visions of them dividends","Black Eyed Peas"
"Man, you gotta have love just to set it straight","Black Eyed Peas"
"Mazel tov","Black Eyed Peas"
"Mazel tov L'Chaim","Black Eyed Peas"
"Milky, milky cocoa","Black Eyed Peas"
"Milky, milky, right,Black Eyed Peas
Mix your milk with my cocoa puff","Black Eyed Peas"
"Monday, Tuesday, Wednesday, and Thursday Do it","Black Eyed Peas"
"Most of us only care about money makin'","Black Eyed Peas"
"My hump","Black Eyed Peas"
"My hump, my hump","Black Eyed Peas"
"My hump, my hump, my hump","Black Eyed Peas"
"My humps, they got you","Black Eyed Peas"
"My love love","Black Eyed Peas"
"My love, my love, my love","Black Eyed Peas"
"My lovely lady lumps","Black Eyed Peas"
"My lovely lady lumps, check it out","Black Eyed Peas"
"My lovely little lumps, check it out","Black Eyed Peas"
"My loving got you","Black Eyed Peas"
"Nations droppin' bombs","Black Eyed Peas"
"Negative images is the main criteria","Black Eyed Peas"
"New days are strange, is the world insane?","Black Eyed Peas"
"No, no drama","Black Eyed Peas"
"No, no, no, no drama","Black Eyed Peas"
"Not respectin' each other, deny thy brother","Black Eyed Peas"
"Now ask yourself","Black Eyed Peas"
"Now we on top Top, top, top, top","Black Eyed Peas"
"Oon me, on me","Black Eyed Peas"
"One world, one world","Black Eyed Peas"
"One world, one world That's all we got","Black Eyed Peas"
"One world, one world We only got","Black Eyed Peas"
"Only attracted to things that'll bring you trauma","Black Eyed Peas"
"Ooohoo","Black Eyed Peas"
"Or would you turn the other cheek?","Black Eyed Peas"
"Overseas, yeah, we try to stop terrorism","Black Eyed Peas"
"Pppparty every day","Black Eyed Peas"
"Party every day","Black Eyed Peas"
"People killin', people dyin'","Black Eyed Peas"
"People livin' like they ain't got no mamas","Black Eyed Peas"
"Rock it, don't stop Stop, stop, stop, stop","Black Eyed Peas"
"Round and round, up and down","Black Eyed Peas"
"Said nothing in this whole wide world don't mean a thing","Black Eyed Peas"
"Selfishness got us followin' the wrong direction","Black Eyed Peas"
"Send some guidance from above","Black Eyed Peas"
"Seven Jeans, True Religion","Black Eyed Peas"
"She said: hey, hey, hey, you, let's go","Black Eyed Peas"
"She's got me spending oh","Black Eyed Peas"
"Sing with me y'all:","Black Eyed Peas"
"So ask yourself is the lovin' really gone","Black Eyed Peas"
"So don't pull on my hand, boy","Black Eyed Peas"
"So full of the superficial","Black Eyed Peas"
"So I could ask myself really what is goin' wrong","Black Eyed Peas"
"So I keep on taking","Black Eyed Peas"
"Some just want everything","Black Eyed Peas"
"Some people live for the fortune","Black Eyed Peas"
"Some people live for the power, yeah","Black Eyed Peas"
"Some people live just for the fame","Black Eyed Peas"
"Some people live just to play the game","Black Eyed Peas"
"Some people need three dozen roses","Black Eyed Peas"
"Some people search for a fountain","Black Eyed Peas"
"Some people think that the physical things","Black Eyed Peas"
"Some people want diamond rings","Black Eyed Peas"
"Some people want it all","Black Eyed Peas"
"Something's wrong with it Yeah","Black Eyed Peas"
"Something's wrong with the wowoworld, yeah","Black Eyed Peas"
"Spending all your money on me","Black Eyed Peas"
"Start some drama","Black Eyed Peas"
"Take control of your mind and meditate","Black Eyed Peas"
"That promises forever young","Black Eyed Peas"
"That tonight's gonna be a good night","Black Eyed Peas"
"That tonight's gonna be a good, good night","Black Eyed Peas"
"That's all we got","Black Eyed Peas"
"That's the reason why sometimes I'm feelin' down","Black Eyed Peas"
"That's the reason why sometimes I'm feelin' under","Black Eyed Peas"
"The Bloods and The Crips and the KKK","Black Eyed Peas"
"The boys, they wanna sex me","Black Eyed Peas"
"The truth is kept secret, it's swept under the rug","Black Eyed Peas"
"Then you only leave space to discriminate","Black Eyed Peas"
"There's no wonder why sometimes I'm feelin' under","Black Eyed Peas"
"They always standing next to me","Black Eyed Peas"
"They buy me all these iceys","Black Eyed Peas"
"They say I'm really sexy","Black Eyed Peas"
"They say they love my ass in","Black Eyed Peas"
"They treat me really nicely","Black Eyed Peas"
"Tonight's the night","Black Eyed Peas"
"Tonight's the night Hey","Black Eyed Peas"
"Trying to feel my hump, hump","Black Eyed Peas"
"We can keep on dating","Black Eyed Peas"
"We gotta rock Rock, rock, rock, rock","Black Eyed Peas"
"We only got","Black Eyed Peas"
"We'll shut it down","Black Eyed Peas"
"We'll shut it down Shut it down","Black Eyed Peas"
"What you gonna do with all that ass","Black Eyed Peas"
"What you gonna do with all that breast","Black Eyed Peas"
"What you gonna do with all that junk","Black Eyed Peas"
"What's wrong with the world, mama","Black Eyed Peas"
"Whatever happened to the fairness and equality","Black Eyed Peas"
"Where is the love Love","Black Eyed Peas"
"Where is the love The love","Black Eyed Peas"
"Where is the love The love?","Black Eyed Peas"
"Where is the love, the love, the love","Black Eyed Peas"
"Where is the love, the love, the love?","Black Eyed Peas"
"Where is the love?","Black Eyed Peas"
"Where's the love, y'all","Black Eyed Peas"
"Where's the love, y'all, come on I don't know","Black Eyed Peas"
"Where's the truth, y'all, come on I don't know","Black Eyed Peas"
"Why are there pieces of love that don't belong?","Black Eyed Peas"
"With no one to share","Black Eyed Peas"
"With no one who truly cares for me","Black Eyed Peas"
"With ongoin' sufferin' as the youth die young","Black Eyed Peas"
"Wrong information always shown by the media","Black Eyed Peas"
"Yo', whatever happened to the values of humanity","Black Eyed Peas"
"You ain't my man, boy","Black Eyed Peas"
"You can look, but you can't touch it","Black Eyed Peas"
"You don't want no drama","Black Eyed Peas"
"You know what we say say","Black Eyed Peas"
"You love my lady lumps","Black Eyed Peas"
